{
 "timestamp": null,
 "/html": {
  "box": [
   0,
   0,
   800,
   64796
  ],
  "/head": {},
  "/body": {
   "box": [
    8,
    13,
    784,
    64770
   ],
   "/pre": {
    "fontFamily": "monospace",
    "fontSize": 13,
    "box": [
     8,
     13,
     784,
     64770
    ],
    "/text()[1]": {
     "box": [
      7,
      118,
      1186.796875,
      45000
     ]
    },
    "/text()[2]": {
     "box": [
      7,
      45103,
      788.953125,
      10290
     ]
    },
    "/text()[3]": {
     "box": [
      7,
      55378,
      852,
      9375
     ]
    }
   }
  }
 }
}