{
 "timestamp": null,
 "/html": {
  "box": [
   0,
   0,
   800,
   51836
  ],
  "/head": {},
  "/body": {
   "box": [
    8,
    13,
    784,
    51810
   ],
   "/pre": {
    "fontFamily": "monospace",
    "fontSize": 13,
    "box": [
     8,
     13,
     784,
     51810
    ],
    "/text()[1]": {
     "box": [
      7,
      118,
      1186.796875,
      45615
     ]
    },
    "/text()[2]": {
     "box": [
      7,
      45718,
      788.953125,
      6075
     ]
    }
   }
  }
 }
}