{
 "timestamp": null,
 "/html": {
  "box": [
   0,
   0,
   800,
   54896
  ],
  "/head": {},
  "/body": {
   "box": [
    8,
    13,
    784,
    54870
   ],
   "/pre": {
    "fontFamily": "monospace",
    "fontSize": 13,
    "box": [
     8,
     13,
     784,
     54870
    ],
    "/text()[1]": {
     "box": [
      7,
      118,
      1186.796875,
      45660
     ]
    },
    "/text()[2]": {
     "box": [
      7,
      45763,
      788.953125,
      9090
     ]
    }
   }
  }
 }
}