{
 "timestamp": null,
 "/html": {
  "box": [
   0,
   0,
   800,
   47966
  ],
  "/head": {},
  "/body": {
   "box": [
    8,
    13,
    784,
    47940
   ],
   "/pre": {
    "fontFamily": "monospace",
    "fontSize": 13,
    "box": [
     8,
     13,
     784,
     47940
    ],
    "/text()[1]": {
     "box": [
      7,
      118,
      1186.796875,
      45660
     ]
    },
    "/text()[2]": {
     "box": [
      7,
      45763,
      788.953125,
      2160
     ]
    }
   }
  }
 }
}