{
 "timestamp": null,
 "/html": {
  "box": [
   0,
   0,
   800,
   47471
  ],
  "/head": {},
  "/body": {
   "box": [
    8,
    13,
    784,
    47445
   ],
   "/pre": {
    "fontFamily": "monospace",
    "fontSize": 13,
    "box": [
     8,
     13,
     784,
     47445
    ],
    "/text()[1]": {
     "box": [
      7,
      118,
      1186.796875,
      44910
     ]
    },
    "/text()[2]": {
     "box": [
      7,
      45013,
      788.953125,
      2415
     ]
    }
   }
  }
 }
}